{
  "slug": "NonLinearInstruments",
  "name": "Non Linear Instruments",
  "author": "NonLinearInstruments",
  "license": "BSD 3-clause",
  "version": "0.5.2",
  "homepage": "https://github.com/NonLinearInstruments/NLNRI_VCVRackPlugins",
  "manual": "https://github.com/NonLinearInstruments/NLNRI_VCVRackPlugins/blob/master/README.md",
  "source": "https://github.com/NonLinearInstruments/NLNRI_VCVRackPlugins",
  "downloads": {
    "mac": {
      "download": "https://github.com/NonLinearInstruments/NLNRI_VCVRackPlugins/releases/download/0.5.2/NonLinearInstruments-0.5.2-mac.zip",
      "sha256": "f54158193aa0f31c0ea9bd1e2861ad80f1a49545b9a7270cad0d536265da1e3e"
    },
    "win": {
      "download": "https://github.com/NonLinearInstruments/NLNRI_VCVRackPlugins/releases/download/0.5.2/NonLinearInstruments-0.5.2-win.zip",
      "sha256": "cf6734555fcdaa7e4196ebe83056ba3d6958b4af3159adc3656bd8cbc7b128fb"
    },
    "lin": {
      "download": "https://github.com/NonLinearInstruments/NLNRI_VCVRackPlugins/releases/download/0.5.2/NonLinearInstruments-0.5.2-lin.zip",
      "sha256": "681fc42efd3c10d7afd266a659dfb4cbf6ec71593d1bc3f939e68486d8ccd443"
    }
  }
}